{
  "name":"GLiM_WorldGeology_diss_mvt",
  "description":"",
  "version":2,
  "minzoom":0,
  "maxzoom":5,
  "center":"0.0000000,0.0000000,0",
  "bounds":"-180.0000000,-85.0000000,180.0000000,85.0000000",
  "type":"overlay",
  "format":"pbf",
  "json":"{\n  \"vector_layers\":[\n    {\n      \"id\":\"GLiM_WorldGeology_diss\",\n      \"description\":\"\",\n      \"minzoom\":0,\n      \"maxzoom\":5,\n      \"fields\":{\n        \"mvt_id\":\"Number\",\n        \"Simplified\":\"String\"\n      }\n    }\n  ],\n  \"tilestats\":{\n    \"layerCount\":1,\n    \"layers\":[\n      {\n        \"layer\":\"GLiM_WorldGeology_diss\",\n        \"count\":440,\n        \"geometry\":\"Polygon\",\n        \"attributeCount\":1,\n        \"attributes\":[\n          {\n            \"attribute\":\"Simplified\",\n            \"count\":9,\n            \"type\":\"string\",\n            \"values\":[\n              \"AR\",\n              \"BR\",\n              \"CS\",\n              \"GR\",\n              \"IC\",\n              \"LM\",\n              \"MT\",\n              \"OS\",\n              \"SS\"\n            ]\n          }\n        ]\n      }\n    ]\n  }\n}"
}